RR,,,,,,,MLFQ,,,,
,,,,,,,,,,,
prom_N,,prom_q_10,,prom_q_100,,,prom_N,,prom_q_10,,prom_q_100
7377.2972972973,,5347.53571428572,,4434.78787878788,,,7291.73333333333,,"5718,8",,4889.1935483871
