RR,,,,,,,MLFQ,,,,
,,,,,,,,,,,
prom_N,,prom_q_10,,prom_q_100,,,prom_N,,prom_q_10,,prom_q_100
74213625,,7284.06666666667,,633.133333333333,,,73597.5,,7141.93103448276,,642
