RR,,,,,,,,,,MLFQ,,,,,,,
,,,,,,,,,,,,,,,,,
prom_N,,,prom_q_10,,,prom_q_100,,,,prom_N,,,prom_q_10,,,prom_q_100,
cpu1,cpu2,,cpu1,cpu2,,cpu1,cpu2,,,cpu1,cpu2,,cpu1,cpu2,,cpu1,cpu2
36874,36794.8333333333,,3644,3658.06896551724,,315.071428571429,327.481481481481,,,36966.6896551724,36941.7931034483,,3642.03448275862,3638.44827586207,,320.941176470588,320.941176470588
